<?xml version="1.0" encoding="ISO-8859-1"?>
<VwordSegFeaSel version="3.0"
  xmlns="http://www.dmg.org/PMML-3-0"
  xmlns:xsi="http://www.w3.org/2001/XMLSchema_instance"  >
	<CPType value = "Conjunction">
		<ctxpre value = "0:2:syll_conj_gen:0"/>
		<ctxpre value = "0:2:syll_conj_gen:-1"/>
		<ctxpre value = "0:1:syll_conj_gen:-2"/>
		<ctxpre value = "0:1:syll_conj_gen:1"/>
		<ctxpre value = "0:1:syll_conj_gen:2"/>
		<ctxpre value = "0:2:syll_conj_gen:-1:0"/>
		<ctxpre value = "0:1:syll_conj_gen:0:1"/>
		<ctxpre value = "0:1:syll_conj_gen:-2:-1"/>
		<ctxpre value = "0:1:syll_conj_gen:1:2"/>
		<ctxpre value = "0:1:syll_conj_gen:0:1:2"/>
		<ctxpre value = "0:1:syll_conj_gen:-1:0:1"/>
		<ctxpre value = "0:1:syll_conj_gen:-2:-1:0"/>
	</CPType>	
	<CPType value="Lexicon">
			<ctxpre value= "0:1:vietnamese_dict:-1"/>
		<ctxpre value= "0:2:vietnamese_dict:-2"/>
		<ctxpre value= "0:2:vietnamese_dict:0"/>
		<ctxpre value= "0:1:vietnamese_dict:1"/>
  	    <ctxpre value= "0:1:vietnamese_dict:2"/>
		<ctxpre value= "0:2:vietnamese_dict:-2:-1"/>
		<ctxpre value= "0:2:vietnamese_dict:-1:0"/>
    	<ctxpre value= "0:1:vietnamese_dict:0:1"/>
    	<ctxpre value= "0:1:vietnamese_dict:1:2"/>
		<ctxpre value= "0:1:vietnamese_dict:0:1:2"/>
		<ctxpre value= "0:1:vietnamese_dict:-2:-1:0"/>
		<ctxpre value= "0:1:vietnamese_dict:-1:0:1"/>
		<ctxpre value = "0:1:family_name:0"/>
		<ctxpre value = "0:1:family_name:-1"/>
		<ctxpre value = "0:1:family_name:-2"/>
		<ctxpre value = "0:1:middle_name:0"/>
		<ctxpre value = "0:1:middle_name:1"/>
		<ctxpre value = "0:1:middle_name:-1"/>
		<ctxpre value = "0:1:middle_name:-2"/>
		<ctxpre value = "0:1:middle_name:2"/>
  		<ctxpre value = "0:1:last_name:0"/>
  		<ctxpre value = "0:1:last_name:-1"/>
  		<ctxpre value = "0:1:last_name:1"/>
  		<ctxpre value = "0:1:last_name:2"/>
  		<ctxpre value = "0:1:last_name:-2"/>
    	<ctxpre value = "0:1:location:-1"/>
		<ctxpre value = "0:1:location:0"/>
		<ctxpre value = "0:1:location:1"/>
		<ctxpre value = "0:1:location:0:1"/>
		<ctxpre value = "0:1:location:-1:0"/>
		<ctxpre value = "0:1:location:-2:-1:0"/>
		<ctxpre value = "0:1:location:0:1:2"/>
		<ctxpre value = "0:1:location:-1:0:1"/>
	</CPType>
	<CPType value = "SyllableFeature">
		<ctxpre value = "0:1:initial_cap:0"/>
		<ctxpre value = "0:1:all_cap:0"/>
        <ctxpre value = "0:1:mark:0"/>
        <ctxpre value = "0:1:mark:-1"/>
		<ctxpre value = "0:1:initial_cap:-1"/>
		<ctxpre value = "0:1:all_cap:-1"/>
		<ctxpre value = "0:1:initial_cap:1"/>
		<ctxpre value = "0:1:all_cap:1"/>
		<ctxpre value = "0:1:first_obsrv:1"/>
	</CPType>
	<CPType value = "ViSyllableFeature">
		<ctxpre value = "0:1:full_dup:0:1"/>
		<ctxpre value = "0:1:full_dup:-1:0"/>
		<ctxpre value = "0:1:full_dup:0:1:2"/>
		<ctxpre value = "0:1:full_dup:-1:0:1"/>
        <ctxpre value = "0:1:part_dup:0:1"/>
        <ctxpre value = "0:1:part_dup:-1:0"/>
		<ctxpre value = "0:1:not_valid_vnsyll:0"/>
	</CPType>
	<CPType value = "Regex">		
		<ctxpre value = "0:1:number:0"/>
		<ctxpre value = "0:1:long_date:0"/>
		<ctxpre value = "0:1:short_date:0"/>
		<ctxpre value = "0:1:percentage:0"/>
		<ctxpre value = "0:1:number:-1"/>
		<ctxpre value = "0:1:long_date:-1"/>
		<ctxpre value = "0:1:short_date:-1"/>
		<ctxpre value = "0:1:percentage:-1"/>
		<ctxpre value = "0:1:number:1"/>
		<ctxpre value = "0:1:long_date:1"/>
		<ctxpre value = "0:1:short_date:1"/>
		<ctxpre value = "0:1:percentage:1"/>
	</CPType>
</VwordSegFeaSel>